method,task,scenario,entry_point,scheduler_mode,wallclock_sec,streaming_accuracy,return_code,log_file,note
Avalanche (sequential),endless_ilc,Classes,test_avalanche_lib.py,-,380,0.9739,0,ae_logs/tab3/vanilla_ilc_Classes.log,
Default Alternation (DA),endless_ilc,Classes,main.py,default,416,0.9784,0,ae_logs/tab3/da_ilc_Classes.log,
Ekya,endless_ilc,Classes,main.py,ekya,162,0.4872,0,ae_logs/tab3/ekya_ilc_Classes.log,
RECL,endless_ilc,Classes,main.py,recl_sched,359,0.9839,0,ae_logs/tab3/recl_ilc_Classes.log,
AOCL_basic (fully parallel),endless_ilc,Classes,main.py,fully_parallel,160,0.4848,0,ae_logs/tab3/fp_ilc_Classes.log,
AOCL (ours),endless_ilc,Classes,main.py,adaptocl,233,0.9758,0,ae_logs/tab3/ours_ilc_Classes.log,
Avalanche (sequential),endless_ilc,Illumination,test_avalanche_lib.py,-,1600,0.9978,0,ae_logs/tab3/vanilla_ilc_Illumination.log,
Default Alternation (DA),endless_ilc,Illumination,main.py,default,1479,0.9894,0,ae_logs/tab3/da_ilc_Illumination.log,
Ekya,endless_ilc,Illumination,main.py,ekya,832,0.9611,0,ae_logs/tab3/ekya_ilc_Illumination.log,
RECL,endless_ilc,Illumination,main.py,recl_sched,1117,0.9937,0,ae_logs/tab3/recl_ilc_Illumination.log,
AOCL_basic (fully parallel),endless_ilc,Illumination,main.py,fully_parallel,834,0.9953,0,ae_logs/tab3/fp_ilc_Illumination.log,
AOCL (ours),endless_ilc,Illumination,main.py,adaptocl,735,0.9965,0,ae_logs/tab3/ours_ilc_Illumination.log,
Avalanche (sequential),endless_ilc,Weather,test_avalanche_lib.py,-,1649,0.9756,0,ae_logs/tab3/vanilla_ilc_Weather.log,
Default Alternation (DA),endless_ilc,Weather,main.py,default,1526,0.976,0,ae_logs/tab3/da_ilc_Weather.log,
Ekya,endless_ilc,Weather,main.py,ekya,857,0.9841,0,ae_logs/tab3/ekya_ilc_Weather.log,
RECL,endless_ilc,Weather,main.py,recl_sched,1154,0.9842,0,ae_logs/tab3/recl_ilc_Weather.log,
AOCL_basic (fully parallel),endless_ilc,Weather,main.py,fully_parallel,851,0.9847,0,ae_logs/tab3/fp_ilc_Weather.log,
AOCL (ours),endless_ilc,Weather,main.py,adaptocl,701,0.9762,0,ae_logs/tab3/ours_ilc_Weather.log,
Avalanche (sequential),endless_ss,Classes,test_avalanche_lib.py,-,1435,0.9693,0,ae_logs/tab3/vanilla_ss_Classes.log,
Default Alternation (DA),endless_ss,Classes,main.py,default,1193,0.969,0,ae_logs/tab3/da_ss_Classes.log,pixel accuracy: mean over experiences of final eval cycle
Ekya,endless_ss,Classes,main.py,ekya,869,0.9691,0,ae_logs/tab3/ekya_ss_Classes.log,pixel accuracy: mean over experiences of final eval cycle
RECL,endless_ss,Classes,main.py,recl_sched,1270,0.9702,0,ae_logs/tab3/recl_ss_Classes.log,pixel accuracy: mean over experiences of final eval cycle
AOCL_basic (fully parallel),endless_ss,Classes,main.py,fully_parallel,1024,0.9688,0,ae_logs/tab3/fp_ss_Classes.log,pixel accuracy: mean over experiences of final eval cycle
AOCL (ours),endless_ss,Classes,main.py,adaptocl,1133,0.9605,0,ae_logs/tab3/ours_ss_Classes.log,pixel accuracy: mean over experiences of final eval cycle
Avalanche (sequential),endless_ss,Illumination,test_avalanche_lib.py,-,3176,0.9414,0,ae_logs/tab3/vanilla_ss_Illumination.log,
Default Alternation (DA),endless_ss,Illumination,main.py,default,1668,0.7874,0,ae_logs/tab3/da_ss_Illumination.log,pixel accuracy: mean over experiences of final eval cycle
Ekya,endless_ss,Illumination,main.py,ekya,1443,0.942,0,ae_logs/tab3/ekya_ss_Illumination.log,pixel accuracy: mean over experiences of final eval cycle
RECL,endless_ss,Illumination,main.py,recl_sched,2044,0.9398,0,ae_logs/tab3/recl_ss_Illumination.log,pixel accuracy: mean over experiences of final eval cycle
AOCL_basic (fully parallel),endless_ss,Illumination,main.py,fully_parallel,1561,0.9432,0,ae_logs/tab3/fp_ss_Illumination.log,pixel accuracy: mean over experiences of final eval cycle
AOCL (ours),endless_ss,Illumination,main.py,adaptocl,1291,0.9392,0,ae_logs/tab3/ours_ss_Illumination.log,pixel accuracy: mean over experiences of final eval cycle
Avalanche (sequential),endless_ss,Weather,test_avalanche_lib.py,-,2961,0.9364,0,ae_logs/tab3/vanilla_ss_Weather.log,
Default Alternation (DA),endless_ss,Weather,main.py,default,2456,0.935,0,ae_logs/tab3/da_ss_Weather.log,pixel accuracy: mean over experiences of final eval cycle
Ekya,endless_ss,Weather,main.py,ekya,1468,0.9324,0,ae_logs/tab3/ekya_ss_Weather.log,pixel accuracy: mean over experiences of final eval cycle
RECL,endless_ss,Weather,main.py,recl_sched,2096,0.9381,0,ae_logs/tab3/recl_ss_Weather.log,pixel accuracy: mean over experiences of final eval cycle
AOCL_basic (fully parallel),endless_ss,Weather,main.py,fully_parallel,1598,0.9344,0,ae_logs/tab3/fp_ss_Weather.log,pixel accuracy: mean over experiences of final eval cycle
AOCL (ours),endless_ss,Weather,main.py,adaptocl,1322,0.9244,0,ae_logs/tab3/ours_ss_Weather.log,pixel accuracy: mean over experiences of final eval cycle
Avalanche (sequential),soft_robot,ic,test_avalanche_lib.py,-,9,,2,ae_logs/tab3/softrobot_vanilla_ic.log,
Default Alternation (DA),soft_robot,ic,main.py,default,760,0.0833,0,ae_logs/tab3/softrobot_da_ic.log,
Ekya,soft_robot,ic,main.py,ekya,438,0.0938,0,ae_logs/tab3/softrobot_ekya_ic.log,
RECL,soft_robot,ic,main.py,recl_sched,671,0.0625,0,ae_logs/tab3/softrobot_recl_ic.log,
AOCL_basic (fully parallel),soft_robot,ic,main.py,fully_parallel,411,0.0469,0,ae_logs/tab3/softrobot_fp_ic.log,
AOCL (ours),soft_robot,ic,main.py,adaptocl,520,0.0573,0,ae_logs/tab3/softrobot_ours_ic.log,
Avalanche (sequential),soft_robot,il,test_avalanche_lib.py,-,9,,2,ae_logs/tab3/softrobot_vanilla_il.log,
Default Alternation (DA),soft_robot,il,main.py,default,721,0.5885,0,ae_logs/tab3/softrobot_da_il.log,
Ekya,soft_robot,il,main.py,ekya,409,0.474,0,ae_logs/tab3/softrobot_ekya_il.log,
RECL,soft_robot,il,main.py,recl_sched,601,0.5625,0,ae_logs/tab3/softrobot_recl_il.log,
AOCL_basic (fully parallel),soft_robot,il,main.py,fully_parallel,382,0.5885,0,ae_logs/tab3/softrobot_fp_il.log,
AOCL (ours),soft_robot,il,main.py,adaptocl,436,0.4271,0,ae_logs/tab3/softrobot_ours_il.log,
